"ID","Name","Main Media","Collections (All)","Collections (Name)"
"1198d645-08c4-4d13-893b-2fa626f08b53","ACOCADORES","wix:image://v1/9c9dca_0e1e31965f3943378db86293a7f8379a~mv2.jpg/file.jpg#originWidth=1563&originHeight=1563","/collections/","/collections/ACOCADORES"
"6356107b-1015-42b4-867f-5ea6228e55e3","ADAPTADORES","wix:image://v1/6138ec_8ffefe07b7db4c848b054b965e7d3d99~mv2.jpg/file.jpg#originWidth=1000&originHeight=1000","/collections/","/collections/ADAPTADORES"
"9843efd9-b4f0-4f1a-9937-e800b9f066ea","ADITIVO Y CONSERVANTE","wix:image://v1/6138ec_ddb19f1cf71a44388e638fd2890c390f~mv2.jpeg/file.jpg#originWidth=920&originHeight=518","/collections/","/collections/ADITIVO-Y-CONSERVANTE"
"af011547-dcd9-4f41-889b-81e26d9f0954","ADORNOS VARIOS","wix:image://v1/6138ec_05fc7e4eccd34776a6df9dc4d0bd7243~mv2.jpg/file.jpg#originWidth=2560&originHeight=2560","/collections/","/collections/ADORNOS-VARIOS"
"feb8d643-31db-3942-946d-8900ac0476c9","AL POR MAYOR","wix:image://v1/a79e548a582340dbab4f8d42f8c01e71.jpg/file.jpg#originWidth=1920&originHeight=1279","/collections/","/collections/AL-POR-MAYOR"
"00000000-000000-000000-000000000001","All Products","wix:image://v1/85daa1e2c7674cefaa48769d879e4a95.jpg/file.jpg#originWidth=5760&originHeight=3840","/collections/","/collections/All-Products"
"898ed88d-ca1d-4ad1-8d23-8cbc1746548c","AROS","wix:image://v1/6138ec_5304a179abaf4f9f866eb16c03aee42b~mv2.jpg/file.jpg#originWidth=270&originHeight=270","/collections/","/collections/AROS"
"8da329dc-8ca1-cb7d-9a5a-9427636ab56b","aSan Valentin","wix:image://v1/614034_103e8f4ab0ae4536a38b319d3eb437ed~mv2.png/missing-media.png#originWidth=500&originHeight=500","/collections/","/collections/aSan-Valentin"
"717f19c5-5f66-4c93-ba31-5bc805d065a6","AZUCAR","wix:image://v1/6138ec_a4728dd80071479884cda3dced438dd5~mv2.jpg/file.jpg#originWidth=600&originHeight=600","/collections/","/collections/AZUCAR"
"3d385d0a-e413-4e12-a1fc-e9bba0868953","BAILARINAS","wix:image://v1/6138ec_77ad7ea6c2564decb8f602d44dcc3637~mv2.jpg/file.jpg#originWidth=900&originHeight=900","/collections/","/collections/BAILARINAS"
"66d98a7f-fb81-4a26-8d34-2365bfa53d47","BASES DE CARTON Y PLASTICO","wix:image://v1/6138ec_4b7f62e252c24a05b411cd8c3d14abbc~mv2.jpeg/file.jpg#originWidth=1200&originHeight=1059","/collections/","/collections/BASES-DE-CARTON-Y-PLASTICO"
"bcdfa5be-d642-433c-8c44-873e71fe3587","BASES DE ESPUMA FLEX","wix:image://v1/9c9dca_541993b3c8c44d36add1f26f795b57b2~mv2.jpg/file.jpg#originWidth=2805&originHeight=2805","/collections/","/collections/BASES-DE-ESPUMA-FLEX"
"6fe8094e-1701-4670-9190-cb341ec31991","BASES DE MADERA","wix:image://v1/9c9dca_f6983b6055cc4d698b70374aa6a766dc~mv2.jpg/file.jpg#originWidth=2239&originHeight=2239","/collections/","/collections/BASES-DE-MADERA"
"753231bb-6a46-42ba-b8ec-ade022d3f1b0","BATIDORES Y CUCHARAS DE MEDIDA","wix:image://v1/6138ec_cb6a43897af44ffe953fc064ff11b867~mv2.jpg/file.jpg#originWidth=900&originHeight=900","/collections/","/collections/BATIDORES-Y-CUCHARAS-DE-MEDIDA"
"eb0c3dc9-cb45-0ec0-4df1-86766f29bb73","Black Friday 10","wix:image://v1/614034_103e8f4ab0ae4536a38b319d3eb437ed~mv2.png/missing-media.png#originWidth=500&originHeight=500","/collections/","/collections/Black-Friday-10"
"5f74daa2-ed52-af76-ea11-0ff8e2f6a89a","Black Friday 20","wix:image://v1/614034_103e8f4ab0ae4536a38b319d3eb437ed~mv2.png/missing-media.png#originWidth=500&originHeight=500","/collections/","/collections/Black-Friday-20"
"7f022f7c-1e69-ed9f-7427-f68a2a456719","Black Friday 30","wix:image://v1/614034_103e8f4ab0ae4536a38b319d3eb437ed~mv2.png/missing-media.png#originWidth=500&originHeight=500","/collections/","/collections/Black-Friday-30"
"74b8d922-5d9b-9da0-f8fb-5e797a4fd2eb","Black Friday 40","wix:image://v1/614034_103e8f4ab0ae4536a38b319d3eb437ed~mv2.png/missing-media.png#originWidth=500&originHeight=500","/collections/","/collections/Black-Friday-40"
"5be7d7fa-d890-6aec-e6f5-c614a6a21d99","Black Friday 50","wix:image://v1/614034_103e8f4ab0ae4536a38b319d3eb437ed~mv2.png/missing-media.png#originWidth=500&originHeight=500","/collections/","/collections/Black-Friday-50"
"ad144824-d22e-4773-8e8b-d35c1b53c0c3","BOQUILLAS DE RELLENO","wix:image://v1/6138ec_274df56853a64bc194b60afb05717027~mv2.jpg/file.jpg#originWidth=300&originHeight=300","/collections/","/collections/BOQUILLAS-DE-RELLENO"
"4235e8ff-6116-46e8-a18c-105bfa1ea864","BOQUILLAS EXTRA GRANDES","wix:image://v1/6138ec_c1a96deae34441f39f69a3e8dfb429c6~mv2.jpg/file.jpg#originWidth=398&originHeight=425","/collections/","/collections/BOQUILLAS-EXTRA-GRANDES"
"03113bf5-02b8-4c76-b565-2c5d69bc92ee","BOQUILLAS GRANDES","wix:image://v1/6138ec_a878d42ada844b7086641829ce72849f~mv2.jpg/file.jpg#originWidth=600&originHeight=600","/collections/","/collections/BOQUILLAS-GRANDES"
"d77eb1b0-662a-4d1e-a037-93aa54728d4d","BOQUILLAS MEDIANAS","wix:image://v1/9c9dca_4db780c893db4455a0b2b8611ff5eb62~mv2.png/file.png#originWidth=557&originHeight=418","/collections/","/collections/BOQUILLAS-MEDIANAS"
"99476473-871e-4a4d-b9aa-c38af53f8903","BOQUILLAS PEQUEÑAS","wix:image://v1/9c9dca_5515576727d64ec7911e806972840412~mv2.jpg/file.jpg#originWidth=800&originHeight=800","/collections/","/collections/BOQUILLAS-PEQUE%C3%91AS"
"21e41571-d46d-452d-bf2c-71e347cc7036","BOQUILLAS RUSAS","wix:image://v1/9c9dca_c3bf507ddb6a4b799ff4873677067ff0~mv2.jpg/file.jpg#originWidth=504&originHeight=448","/collections/","/collections/BOQUILLAS-RUSAS"
"a44f98f3-e457-4573-a294-78b34ef9eba5","BOWLS","wix:image://v1/4956eff48aa9446f975ebf5ae13f2108.jpg/file.jpg#originWidth=1920&originHeight=1080","/collections/","/collections/BOWLS"
"ff49ede3-1694-4755-a8f9-a14cdcd58ef5","BROCHAS Y PINCELES","wix:image://v1/9c9dca_ea633bb215244291aedfd95fdd4f61ea~mv2.png/file.png#originWidth=2902&originHeight=1654","/collections/","/collections/BROCHAS-Y-PINCELES"
"1659d5d6-8a49-4d47-a590-738bd23beee3","CAJAS PARA BOCADITOS","wix:image://v1/6138ec_7efefe32e37c4e34aa85e8a01dc638f3~mv2.jpg/file.jpg#originWidth=446&originHeight=446","/collections/","/collections/CAJAS-PARA-BOCADITOS"
"11e0fe30-ddb8-4009-91b4-f0b098991753","CAJAS PARA CHOCOLATES","wix:image://v1/9c9dca_610b9ddbdff74c15991c82947b312cb3~mv2.jpg/file.jpg#originWidth=600&originHeight=600","/collections/","/collections/CAJAS-PARA-CHOCOLATES"
"ff009fd9-031c-4ca3-9b28-094c5cd7806d","CAJAS PARA CUPCAKES","wix:image://v1/6138ec_069077e4e32e4900a29c32b78403977a~mv2.jpeg/file.jpg#originWidth=500&originHeight=500","/collections/","/collections/CAJAS-PARA-CUPCAKES"
"bceef1c2-e24c-40a1-b2c0-6c22f54a6fbb","CAJAS PARA TORTA","wix:image://v1/6138ec_135068b33b6a4276bbf3983c3b45225b~mv2.jpeg/file.jpg#originWidth=800&originHeight=800","/collections/","/collections/CAJAS-PARA-TORTA"
"1688824d-7285-4925-85b8-3394b6d99e5a","CAJAS VARIAS","wix:image://v1/6138ec_3b27218eee404fec973522d70ce17034~mv2.jpg/file.jpg#originWidth=1759&originHeight=1754","/collections/","/collections/CAJAS-VARIAS"
"d296f2e8-debe-41b1-b5a8-9527972fa75a","CALICES","wix:image://v1/f87be6_ecb18d8fc80e49d39b4700c3c4c7fa53~mv2.jpg/file.jpg#originWidth=1072&originHeight=1500","/collections/","/collections/CALICES"
"b43c7f76-7437-44e3-a98a-a0c63ba181b4","CAPILLAS","wix:image://v1/6138ec_3fe591e9b25d45dd84683b86cf02ff7b~mv2.jpg/file.jpg#originWidth=768&originHeight=1024","/collections/","/collections/CAPILLAS"
"071d9bab-8c33-4bef-abf2-a9c409e934d4","CENEFA DECORATIVA","wix:image://v1/9c9dca_5f004afcfeb942dd80804fc347bd45b4~mv2.jpg/file.jpg#originWidth=1166&originHeight=1493","/collections/","/collections/CENEFA-DECORATIVA"
"45eb7623-0ab9-4c2f-bd06-fd2c42bb568d","CHOCOLATE Y COCOA","wix:image://v1/6138ec_ca051ce2ef40407facf6ebd4dd17a79f~mv2.jpg/file.jpg#originWidth=480&originHeight=360","/collections/","/collections/CHOCOLATE-Y-COCOA"
"51624da1-3cbb-3e91-304e-c158c6a7cd28","CHOPROM","wix:image://v1/614034_103e8f4ab0ae4536a38b319d3eb437ed~mv2.png/missing-media.png#originWidth=500&originHeight=500","/collections/","/collections/CHOPROM"
"835f9044-e7bb-400f-a907-76fd163e52a8","CINTAS Y LISTONES","wix:image://v1/9c9dca_bd4bb535d23b4dfbb200327d41a120a7~mv2.jpg/file.jpg#originWidth=2000&originHeight=2000","/collections/","/collections/CINTAS-Y-LISTONES"
"893cbace-3368-4528-b80c-01506edf7109","CLAVOS","wix:image://v1/9c9dca_ead647b755d441bdb0743243062da6e2~mv2.jpg/file.jpg#originWidth=260&originHeight=300","/collections/","/collections/CLAVOS"
"100ccec2-3079-4b0b-8a77-93f8599ffcfd","COLOR EN SPRAY","wix:image://v1/9c9dca_42fc6d052da94bd3b88e6664161f17e3~mv2.jpg/file.jpg#originWidth=890&originHeight=886","/collections/","/collections/COLOR-EN-SPRAY"
"67a7aab4-d0ca-4362-9748-78ac78df1b2e","COLOR GEL JELLY","wix:image://v1/9c9dca_901000754c1047428dcc99aeb823a494~mv2.jpg/file.jpg#originWidth=663&originHeight=695","/collections/","/collections/COLOR-GEL-JELLY"
"64d0a124-1cf7-435c-ab23-e7be36efafae","COLORANTE DE MANTECA PARA CHOCOLATE","wix:image://v1/9c9dca_dbb4f3b4d5f44d5596a9024204f5d92c~mv2.jpg/file.jpg#originWidth=1280&originHeight=720","/collections/","/collections/COLORANTE-DE-MANTECA-PARA-CHOCOLATE"
"1d528f92-21a0-4e18-b3c7-a2852de4f951","COLORANTE EN POLVO HIDROSOLUBLE","wix:image://v1/9c9dca_32422016d2a44b59a26890a977338f46~mv2.jpg/file.jpg#originWidth=350&originHeight=233","/collections/","/collections/COLORANTE-EN-POLVO-HIDROSOLUBLE"
"5cfc1051-e314-4126-a183-3129862d1b24","COLORANTE LIQUIDO","wix:image://v1/9c9dca_addce67ee3d1424bac25c220875e7f57~mv2.jpg/file.jpg#originWidth=322&originHeight=156","/collections/","/collections/COLORANTE-LIQUIDO"
"c262418e-249f-4580-909f-5d32cc62b02f","COLORANTE METALIZADO","wix:image://v1/9c9dca_beee202da6424230a87b9feb5717fcfd~mv2.jpg/file.jpg#originWidth=1280&originHeight=720","/collections/","/collections/COLORANTE-METALIZADO"
"db286f8f-510c-4edf-a9c7-67ad5a6473c3","COLORANTE PARA CHOCOLATE","wix:image://v1/9c9dca_17e30496eb294ca7b65ac12ccafedc55~mv2.jpg/file.jpg#originWidth=1280&originHeight=720","/collections/","/collections/COLORANTE-PARA-CHOCOLATE"
"a6c21b14-f8ee-4efe-88ce-a6918cb40d8a","COLUMNAS Y BANDEJAS","wix:image://v1/9c9dca_ef71267a08084a56996d9d4d5f0b83f9~mv2.jpg/file.jpg#originWidth=900&originHeight=900","/collections/","/collections/COLUMNAS-Y-BANDEJAS"
"faf467df-c518-4285-bab7-93f274caeb1c","CONOS METALICOS","wix:image://v1/9c9dca_86fb0a137d2f413796794d48f039ff41~mv2.jpg/file.jpg#originWidth=3024&originHeight=3024","/collections/","/collections/CONOS-METALICOS"
"cf92d5eb-99f6-4e5d-8b6e-0560395ed458","COPAS","wix:image://v1/6138ec_d5fbc9ecb9704e76b9764b6bc8d3c258~mv2.jpg/file.jpg#originWidth=225&originHeight=225","/collections/","/collections/COPAS"
"69990c74-42e9-4bcd-a2cb-3761f6b74950","CORTADOR ANIMALES","wix:image://v1/9c9dca_0374296826124478810f3a68d264aaf4~mv2.png/file.png#originWidth=748&originHeight=711","/collections/","/collections/CORTADOR-ANIMALES"
"d128ce05-4e63-439d-925f-86a1a15872cb","CORTADOR BABY SHOWER","wix:image://v1/9c9dca_05a5c57fc21746f5b15b63887628c47b~mv2.jpg/file.jpg#originWidth=800&originHeight=778","/collections/","/collections/CORTADOR-BABY-SHOWER"
"0083cb0b-7906-4906-b4cc-2f5934f44312","CORTADOR DIBUJOS ANIMADOS","wix:image://v1/9c9dca_961a18afb383463dbdba8f0e9787ebd5~mv2.png/file.png#originWidth=493&originHeight=261","/collections/","/collections/CORTADOR-DIBUJOS-ANIMADOS"
"475edfb1-f5c2-4537-a956-707982bd1231","CORTADOR FIGURAS GEOMETRICAS","wix:image://v1/9c9dca_011b27277bd2497d917a53578d6f36fc~mv2.jpg/file.jpg#originWidth=299&originHeight=168","/collections/","/collections/CORTADOR-FIGURAS-GEOMETRICAS"
"59d2a2ac-3d32-40f1-bffa-c1ac3b9100d2","CORTADOR FLORES","wix:image://v1/9c9dca_018f2734868248fb911c630a790be594~mv2.jpg/file.jpg#originWidth=1000&originHeight=1000","/collections/","/collections/CORTADOR-FLORES"
"a345b439-7470-4ffe-a8d7-9359ba8895e8","CORTADOR GRADO","wix:image://v1/9c9dca_5b309cd4e09b4ef782ff9a9b6a8ca1fc~mv2.jpg/file.jpg#originWidth=350&originHeight=308","/collections/","/collections/CORTADOR-GRADO"
"62a52484-d1d3-4ac4-a5b1-5d75e63386ae","CORTADOR HALLOWEN","wix:image://v1/9c9dca_135b546946a54df78054f2eae0a608e6~mv2.jpg/file.jpg#originWidth=275&originHeight=183","/collections/","/collections/CORTADOR-HALLOWEN"
"ed291905-63b8-48e0-904b-3f3417cdc42f","CORTADOR LETRAS Y NUMEROS","wix:image://v1/9c9dca_4d0e94af86c943a0b61fdc50250b2e45~mv2.jpg/file.jpg#originWidth=500&originHeight=170","/collections/","/collections/CORTADOR-LETRAS-Y-NUMEROS"
"8a347f0b-7004-4a3e-b44d-85bb4777efd9","CORTADOR NAVIDEÑO","wix:image://v1/614034_103e8f4ab0ae4536a38b319d3eb437ed~mv2.png/missing-media.png#originWidth=500&originHeight=500","/collections/","/collections/CORTADOR-NAVIDE%C3%91O"
"7dbaa23e-4440-46eb-a082-1b3f5e191d76","CORTADOR PRIMERA COMUNIÓN","wix:image://v1/9c9dca_a83bc1ee6e714f758351b652dc86262b~mv2.jpg/file.jpg#originWidth=477&originHeight=300","/collections/","/collections/CORTADOR-PRIMERA-COMUNI%C3%93N"
"637361e0-ae42-4cc2-92eb-0dd52e58b0fd","CORTADOR SAN VALENTIN","wix:image://v1/9c9dca_fd7d305bf2d2413085439818eac7cafa~mv2.jpg/file.jpg#originWidth=800&originHeight=503","/collections/","/collections/CORTADOR-SAN-VALENTIN"
"de11fd7b-d751-4506-88d9-8e91e7960f3d","CORTADOR SET","wix:image://v1/9c9dca_42d8c33fe2e4422ab0703726d2b6b587~mv2.jpg/file.jpg#originWidth=522&originHeight=536","/collections/","/collections/CORTADOR-SET"
"1defba94-a7e0-46b4-a374-f01c6f376cef","CORTADOR SUPER HERO","wix:image://v1/9c9dca_d1016d38e90c4f0b821f76e737a01211~mv2.jpg/file.jpg#originWidth=350&originHeight=233","/collections/","/collections/CORTADOR-SUPER-HERO"
"e7fde43a-3dab-4a9c-870a-6750de1efe2f","CORTADOR VARIOS","wix:image://v1/9c9dca_315b2000e7d045acb43e4ac5251ab54a~mv2.png/file.png#originWidth=900&originHeight=554","/collections/","/collections/CORTADOR-VARIOS"
"ad182547-9a62-422b-912a-e75797531668","CREMAS","wix:image://v1/9c9dca_5fec49870583485d9950059730c154a4~mv2.jpg/file.jpg#originWidth=275&originHeight=183","/collections/","/collections/CREMAS"
"eb2b4d9f-1212-48e0-a93c-7ff16bad13cb","CRIMPERS","wix:image://v1/9c9dca_daf26d615c5a44ed8bf314bf5fbbf376~mv2.jpg/file.jpg#originWidth=1510&originHeight=1510","/collections/","/collections/CRIMPERS"
"f2c04313-cddd-4a64-9007-5ce6f0672b5c","CUCHILLO Y BISTURI","wix:image://v1/9c9dca_57a86beb89b84bb6ada6abff1331906b~mv2.jpg/file.jpg#originWidth=650&originHeight=650","/collections/","/collections/CUCHILLO-Y-BISTURI"
"c5452cb6-0f5b-44d7-92f2-a64355b25ac8","DECORACION DE PASTELERIA","wix:image://v1/9c9dca_f73d14f5f8b3406f8cab99ee3f6c3010~mv2.png/file.png#originWidth=750&originHeight=750","/collections/","/collections/DECORACION-DE-PASTELERIA"
"922dcc35-10f1-5a22-2cd8-e4c51297f836","Difuntos y Halloween","wix:image://v1/614034_103e8f4ab0ae4536a38b319d3eb437ed~mv2.png/missing-media.png#originWidth=500&originHeight=500","/collections/","/collections/Difuntos-y-Halloween"
"dd5e68c2-0da3-455e-846c-6e235544fdf5","DISPENSADOR Y DUYA","wix:image://v1/9c9dca_2f7c7d27784e4f7cb721b0bed9066f41~mv2.jpg/file.jpg#originWidth=350&originHeight=350","/collections/","/collections/DISPENSADOR-Y-DUYA"
"af3abe47-c305-0394-2c23-9e784ebaaef8","Día del niño","wix:image://v1/614034_103e8f4ab0ae4536a38b319d3eb437ed~mv2.png/missing-media.png#originWidth=500&originHeight=500","/collections/","/collections/D%C3%ADa-del-ni%C3%B1o"
"12ebca96-442f-543e-ed84-ed3eecbf1dc0","Día del Padre","wix:image://v1/614034_103e8f4ab0ae4536a38b319d3eb437ed~mv2.png/missing-media.png#originWidth=500&originHeight=500","/collections/","/collections/D%C3%ADa-del-Padre"
"640d09c6-46b3-4215-abec-0467f030a0c1","ENCAJES COMESTIBLES","wix:image://v1/9c9dca_3c20ec0093fe4cb9897a4e38323464b6~mv2.jpg/file.jpg#originWidth=1280&originHeight=720","/collections/","/collections/ENCAJES-COMESTIBLES"
"633e6e55-51a9-4096-afac-c848040420ad","ENVASES PARA CUPCAKES","wix:image://v1/9c9dca_70af1ee3a1494ee0821a9fdc3a8979d9~mv2.jpg/file.jpg#originWidth=214&originHeight=147","/collections/","/collections/ENVASES-PARA-CUPCAKES"
"3245b6c9-0f2e-4f8c-a7a5-7bb06ad7d8a2","ESENCIA","wix:image://v1/6138ec_4368e1e225b34b1bb69e3a25e791de4e~mv2.jpeg/file.jpg#originWidth=1080&originHeight=1013","/collections/","/collections/ESENCIA"
"ca074c99-ce21-c0a6-e619-169dd1338b93","ESTUCHE PLASTICO PARA CHOCOLATE","wix:image://v1/9c9dca_94fdccce96ba4c42b5519cc25879094b~mv2.jpg/file.jpg#originWidth=1971&originHeight=1973","/collections/","/collections/ESTUCHE-PLASTICO-PARA-CHOCOLATE"
"f2aeb4ec-0688-4a93-8f3c-a67d35121e5d","EXPULSADORES","wix:image://v1/9c9dca_16233b30ce024e35874a6f43dd6d7cca~mv2.jpg/file.jpg#originWidth=297&originHeight=318","/collections/","/collections/EXPULSADORES"
"aa2acf94-63c8-47ff-b177-c59ed704851b","FALDITA PARA CUPCAKES","wix:image://v1/614034_103e8f4ab0ae4536a38b319d3eb437ed~mv2.png/missing-media.png#originWidth=500&originHeight=500","/collections/","/collections/FALDITA-PARA-CUPCAKES"
"d7e22c2d-6f25-459e-b6b1-3c4d716da9e1","FIN DE AÑO Y NAVIDAD","wix:image://v1/46deb5bdc1d3414885b363bc10ab35ee.jpg/file.jpg#originWidth=4000&originHeight=2670","/collections/","/collections/FIN-DE-A%C3%91O-Y-NAVIDAD"
"81bd4733-ba77-4c92-bf63-af38a145f165","FLORAL","wix:image://v1/6138ec_c99e030d865d490fae831aa27871790c~mv2.png/file.png#originWidth=900&originHeight=510","/collections/","/collections/FLORAL"
"b7890d49-b42d-4380-a761-58636e030955","FONDANT Y PASTA DE GOMA","wix:image://v1/9c9dca_a52c236563084bc28a82767bc939cce1~mv2.jpg/file.jpg#originWidth=350&originHeight=332","/collections/","/collections/FONDANT-Y-PASTA-DE-GOMA"
"c5c8fd0c-e430-4d49-9fee-b8ec24ac3ce3","FRUTOS SECOS","wix:image://v1/9c9dca_d7a4204a0d4d4ec7b07d4709fe71ff20~mv2.jpg/file.jpg#originWidth=480&originHeight=320","/collections/","/collections/FRUTOS-SECOS"
"c13aa2bb-f5d3-463d-93ed-d9138c9f8de9","GELATINA","wix:image://v1/9c9dca_0be055791d2f4ab5a77e06d964df3de8~mv2.jpg/file.jpg#originWidth=910&originHeight=607","/collections/","/collections/GELATINA"
"65340df7-14a1-cea8-56bf-270ecff70af9","GRAGEAS EXTRAFINAS 1mm","wix:image://v1/6138ec_5de0257d40c44c86b04ca278a9caace1~mv2.jpg/file.jpg#originWidth=240&originHeight=240","/collections/","/collections/GRAGEAS-EXTRAFINAS-1mm"
"465f32e8-f902-4ad7-9533-1da3375b2313","GRAGEAS EXTRAGRANDES 10mm","wix:image://v1/9c9dca_84d03178664f4569a6af100adaf0f844~mv2.jpg/file.jpg#originWidth=900&originHeight=900","/collections/","/collections/GRAGEAS-EXTRAGRANDES-10mm"
"de8fa3a0-8df1-4dff-854c-a0d2ebfbd2b5","GRAGEAS FINAS 2mm","wix:image://v1/9c9dca_d87f5610802b48eab39c13b246857907~mv2.jpg/file.jpg#originWidth=462&originHeight=372","/collections/","/collections/GRAGEAS-FINAS-2mm"
"e2824398-22e4-4a0e-9441-02ab584490e5","GRAGEAS GRANDES 7mm","wix:image://v1/9c9dca_e3c2480080294c2aa57f19053d761acb~mv2.jpg/file.jpg#originWidth=259&originHeight=194","/collections/","/collections/GRAGEAS-GRANDES-7mm"
"6c8101b2-0ce9-4c9c-8d62-c5016f92f107","GRAGEAS MEDIANAS 5mm","wix:image://v1/9c9dca_e8099e3ac05f4b5b95092cacd921a8d3~mv2.jpg/file.jpg#originWidth=481&originHeight=320","/collections/","/collections/GRAGEAS-MEDIANAS-5mm"
"44075c48-f3d1-4e43-a015-e5003a114457","GRAGEAS VARIAS","wix:image://v1/9c9dca_50daaa3cc2a4482c8dd95506e6dd1129~mv2.jpg/file.jpg#originWidth=296&originHeight=226","/collections/","/collections/GRAGEAS-VARIAS"
"0072f9bc-d144-482d-86e4-77fcb82780da","GUANTES Y MALLAS","wix:image://v1/9c9dca_f30bbe2e284a471db4f4833a632ebfff~mv2.jpg/file.jpg#originWidth=1185&originHeight=889","/collections/","/collections/GUANTES-Y-MALLAS"
"9042c58d-654b-4f2d-8e42-87d87b1ab9ad","HARINA, LEVADURA Y ANTIMOHO","wix:image://v1/9c9dca_43895730982f416facd256bcfd64aa4b~mv2.jpg/file.jpg#originWidth=4227&originHeight=2763","/collections/","/collections/HARINA%2C-LEVADURA-Y-ANTIMOHO"
"9b9c9ea0-050d-47cc-938e-d71f2a34ee04","HERRAMIENTAS VARIAS","wix:image://v1/9c9dca_6422f7724db54a6dbc922cb308d7e1a7~mv2.jpg/file.jpg#originWidth=250&originHeight=250","/collections/","/collections/HERRAMIENTAS-VARIAS"
"e5ab88af-ffb1-4398-8ce7-6cd6c444512f","HOJAS","wix:image://v1/9c9dca_ac52c0debe494e6fa5785b1d73de231f~mv2.png/file.png#originWidth=432&originHeight=432","/collections/","/collections/HOJAS"
"9e46e4c7-89fb-4e62-aca1-fc72bc691690","IGLESIAS","wix:image://v1/614034_103e8f4ab0ae4536a38b319d3eb437ed~mv2.png/missing-media.png#originWidth=500&originHeight=500","/collections/","/collections/IGLESIAS"
"63a1bbba-3cc2-42a6-a9f3-e68e004f54e5","JUEGOS BOQUILLAS","wix:image://v1/9c9dca_f1dbe0ea84d540739bfcc53360df3e24~mv2.jpg/file.jpg#originWidth=795&originHeight=795","/collections/","/collections/JUEGOS-BOQUILLAS"
"98f15dc8-acdd-4100-b7b3-4198b6f1c49f","LAMINAS","wix:image://v1/9c9dca_309a25d311574839af2ea2a86eb75e53~mv2.jpg/file.jpg#originWidth=238&originHeight=227","/collections/","/collections/LAMINAS"
"6177eafa-f62f-4d36-86b5-a38f2d7096f7","LATAS Y REJILLAS","wix:image://v1/9c9dca_35767b23dc424aab8a582810de5b80bb~mv2.jpg/file.jpg#originWidth=480&originHeight=320","/collections/","/collections/LATAS-Y-REJILLAS"
"3ed50e47-be8b-4fc4-9707-c565a229099e","LICORES","wix:image://v1/7f85bedc450f4e34b35ea4fb8caa5db2.jpg/file.jpg#originWidth=1348&originHeight=899","/collections/","/collections/LICORES"
"2b69dd50-781f-79d1-3a39-6e4ec06f47b7","LIGHT","wix:image://v1/6138ec_5f76cae512424a44a11b152d91a4e2f8~mv2.png/file.png#originWidth=500&originHeight=500","/collections/","/collections/LIGHT"
"0fdab542-0627-e2a5-bd07-9058d63aeb76","Liquidaciones","wix:image://v1/614034_103e8f4ab0ae4536a38b319d3eb437ed~mv2.png/missing-media.png#originWidth=500&originHeight=500","/collections/","/collections/Liquidaciones"
"51c00051-a98a-3d45-6779-08e27de0ff8e","MaBaker","wix:image://v1/614034_103e8f4ab0ae4536a38b319d3eb437ed~mv2.png/missing-media.png#originWidth=500&originHeight=500","/collections/","/collections/MaBaker"
"513c0809-890e-4abc-8a7c-81a5b56f54cd","MALVAVISCO","wix:image://v1/6138ec_72c3b1ec15e34d478f39cb875cc04972~mv2.jpg/file.jpg#originWidth=480&originHeight=360","/collections/","/collections/MALVAVISCO"
"3e3bd0da-41f8-4681-944b-d116eeb04716","MANGAS Y ESPATULAS","wix:image://v1/6138ec_ec407ea00d58492fad2291f8778943a9~mv2.jpg/file.jpg#originWidth=900&originHeight=900","/collections/","/collections/MANGAS-Y-ESPATULAS"
"d58f51cf-1fee-4b28-b438-85b44ed2a47b","MANTECA Y MANTEQUILLA","wix:image://v1/9c9dca_4fbdf635bab24da4b2d4796eaa1c1ae8~mv2.jpg/file.jpg#originWidth=960&originHeight=640","/collections/","/collections/MANTECA-Y-MANTEQUILLA"
"e83acd66-a2bf-4b93-aebc-bfd4038fe7de","MARCADOR","wix:image://v1/6138ec_af18a841339e4108bca67403a0ec6b9b~mv2.jpg/file.jpg#originWidth=900&originHeight=900","/collections/","/collections/MARCADOR"
"7469901d-738b-4959-8a12-947a4976e552","MASAS","wix:image://v1/9c9dca_43895730982f416facd256bcfd64aa4b~mv2.jpg/file.jpg#originWidth=4227&originHeight=2763","/collections/","/collections/MASAS"
"e24b9e4c-4e7b-4690-a852-5ab30a1e5aa1","MATERIALES VARIOS","wix:image://v1/9c9dca_de37a4b88a6940a49646254f019b26fd~mv2.jpg/file.jpg#originWidth=826&originHeight=720","/collections/","/collections/MATERIALES-VARIOS"
"0a82fc89-b722-ae40-70eb-b42dad30851e","MOLDES CUADRADOS","wix:image://v1/6138ec_d571825d39f242a58b7d0c873cde0e76~mv2.jpeg/file.jpg#originWidth=1024&originHeight=1024","/collections/","/collections/MOLDES-CUADRADOS"
"0b2beed1-b91a-46bf-881a-9e6e613bea90","MOLDES DE PLASTICO","wix:image://v1/6138ec_063cc8c28b4544e08793d8fa2ce8c8fa~mv2.png/file.png#originWidth=732&originHeight=536","/collections/","/collections/MOLDES-DE-PLASTICO"
"3a0ac8fe-d7e5-4a2f-8f8a-767ab9d38630","MOLDES DE POLICARBONATO","wix:image://v1/6138ec_ed5a771d7c504ea1bb9d04fd90fab123~mv2.jpeg/file.jpg#originWidth=1000&originHeight=1000","/collections/","/collections/MOLDES-DE-POLICARBONATO"
"d109036d-7608-42db-8210-e92091178a3a","MOLDES DE SILICONA","wix:image://v1/9c9dca_1424f104a56f4a4fb7418be01887b2e1~mv2.jpg/file.jpg#originWidth=1920&originHeight=1440","/collections/","/collections/MOLDES-DE-SILICONA"
"cbae4cfa-bf98-f0be-610a-d69e56c582c5","MOLDES DESMOLDABLES","wix:image://v1/9c9dca_db039486a0ae47ee98f06b61aa1429ff~mv2.jpg/file.jpg#originWidth=600&originHeight=600","/collections/","/collections/MOLDES-DESMOLDABLES"
"3c37b232-c400-4afa-b472-aa66db2b0acf","MOLDES PARA PAN","wix:image://v1/9c9dca_dc477c15ff944ebb9484b5c64450548e~mv2.jpg/file.jpg#originWidth=481&originHeight=320","/collections/","/collections/MOLDES-PARA-PAN"
"cbc2ba3f-5581-471f-8816-928b0d9f3830","MOLDES PARA TARTALETAS","wix:image://v1/6138ec_43165036872042d896d7104b437e9be8~mv2.jpeg/file.jpg#originWidth=275&originHeight=320","/collections/","/collections/MOLDES-PARA-TARTALETAS"
"6e2e952a-d049-4d21-b7c7-a270f055a77d","MOLDES PARA TORTA","wix:image://v1/9c9dca_d9639b815e5e469cbf84d03b27ce8e3e~mv2.jpg/file.jpg#originWidth=480&originHeight=320","/collections/","/collections/MOLDES-PARA-TORTA"
"1c118555-23af-288c-66c6-4f65f4666f3c","MOLDES REDONDOS","wix:image://v1/6138ec_04151afdbd374de795804e5ec26f6775~mv2.jpeg/file.jpg#originWidth=800&originHeight=800","/collections/","/collections/MOLDES-REDONDOS"
"38c62aaf-1d9a-484a-a703-0b39b15b57dc","MOLDES VARIOS","wix:image://v1/9c9dca_ef2bbd68e218422b9a6741061edead83~mv2.jpg/file.jpg#originWidth=1020&originHeight=1020","/collections/","/collections/MOLDES-VARIOS"
"5a71a3b5-0a6b-4499-a6a2-6e89c875e7df","MÁQUINAS DE PASTELERÍA","wix:image://v1/9c9dca_088c781fbb53420b86a8cd2d2edc863e~mv2.jpg/file.jpg#originWidth=529&originHeight=550","/collections/","/collections/M%C3%81QUINAS-DE-PASTELER%C3%8DA"
"2f385da4-4ac4-469c-92ca-854b244287c4","PALOS","wix:image://v1/9c9dca_bbd983cc3d6047ad9b9aa5d7f5d4f910~mv2.jpg/file.jpg#originWidth=460&originHeight=320","/collections/","/collections/PALOS"
"1d279b94-0649-4e25-86b4-ac5546b9e1fa","PAPEL","wix:image://v1/9c9dca_37a185c3c486497983efade28a5b497d~mv2.jpg/file.jpg#originWidth=2000&originHeight=2000","/collections/","/collections/PAPEL"
"d3864ce3-bfc7-4585-8213-780a905c558c","PASTILLAJE Y ADORNOS","wix:image://v1/9c9dca_00c8379728f94020ac73f42f0e557c92~mv2.jpg/file.jpg#originWidth=900&originHeight=900","/collections/","/collections/PASTILLAJE-Y-ADORNOS"
"9e1a748c-5215-46f3-a282-e229d90bc3cc","PEDESTALES","wix:image://v1/614034_103e8f4ab0ae4536a38b319d3eb437ed~mv2.png/missing-media.png#originWidth=500&originHeight=500","/collections/","/collections/PEDESTALES"
"ad697cf2-e52d-417a-b3b7-5390914980c9","PERLADO Y DIAMANTINA","wix:image://v1/9c9dca_b0c619856f5f45cf80e03862f1968653~mv2.jpg/file.jpg#originWidth=1790&originHeight=1588","/collections/","/collections/PERLADO-Y-DIAMANTINA"
"9611d26e-18d2-4e69-9c34-f9367eb0ab63","PIRUTINES GRANDES 50x35mm","wix:image://v1/9c9dca_0afc2770f15d4057bbc95987519c54f3~mv2.jpg/file.jpg#originWidth=2682&originHeight=1663","/collections/","/collections/PIRUTINES-GRANDES-50x35mm"
"05f3c16b-d61f-4603-9e58-17a31fe0812d","PIRUTINES MEDIANOS 40x23mm","wix:image://v1/9c9dca_6181b9401dd6458791886814ba1f5430~mv2.jpg/file.jpg#originWidth=910&originHeight=645","/collections/","/collections/PIRUTINES-MEDIANOS-40x23mm"
"4a3f3264-48d3-4a88-8183-7035ac509611","PIRUTINES MINI 27x14mm","wix:image://v1/9c9dca_879fa312f52c468ca2e91cab451ff279~mv2.jpg/file.jpg#originWidth=910&originHeight=765","/collections/","/collections/PIRUTINES-MINI-27x14mm"
"27fc4130-9f8c-4a90-961b-e60a7bce6fbe","PIRUTINES PANETÓN","wix:image://v1/9c9dca_edf54e33668b48b5b34675a698bc20ef~mv2.png/file.png#originWidth=236&originHeight=168","/collections/","/collections/PIRUTINES-PANET%C3%93N"
"5a552f08-fdde-447f-878d-25b91d1be9f8","PIRUTINES PEQUEÑOS 32x20mm","wix:image://v1/9c9dca_1c6f09116bee47f7b555fa168d929b1d~mv2.jpg/file.jpg#originWidth=350&originHeight=263","/collections/","/collections/PIRUTINES-PEQUE%C3%91OS-32x20mm"
"91ff0fd9-644b-413d-b1a3-a77479c7ae91","PIRUTINES VARIOS","wix:image://v1/9c9dca_0e45d69b468f45f9a4ca1ebb62979b62~mv2.jpg/file.jpg#originWidth=225&originHeight=225","/collections/","/collections/PIRUTINES-VARIOS"
"ce2f2745-0f71-40c3-8dfa-e44f7c5f1993","PORTA BOMBÓN","wix:image://v1/6138ec_c21782a94c1740d0901b99d0660edc81~mv2.jpg/file.jpg#originWidth=400&originHeight=400","/collections/","/collections/PORTA-BOMB%C3%93N"
"cc3a6bf4-6ac3-440b-b85e-8f650b5253a4","PREMEZCLA","wix:image://v1/9c9dca_2a49108d83364e5787b4f53b85fb0601~mv2.jpg/file.jpg#originWidth=225&originHeight=225","/collections/","/collections/PREMEZCLA"
"6255ba1e-f1bd-4753-ade2-a31be8b8a847","PRODUCTOS TERMINADOS","wix:image://v1/9c9dca_8762f7e494644ccd900c0920af641ae8~mv2.jpg/file.jpg#originWidth=481&originHeight=320","/collections/","/collections/PRODUCTOS-TERMINADOS"
"1f401dcd-81f0-a444-37c4-2fd100869dc5","PROMOCIÓN","wix:image://v1/614034_103e8f4ab0ae4536a38b319d3eb437ed~mv2.png/missing-media.png#originWidth=500&originHeight=500","/collections/","/collections/PROMOCI%C3%93N"
"60378567-2fca-4996-a7ab-f005d51da8d9","RASPE Y ALISADOR","wix:image://v1/9c9dca_2471873638094c3cb5e82110949ef9a6~mv2.jpg/file.jpg#originWidth=1280&originHeight=720","/collections/","/collections/RASPE-Y-ALISADOR"
"0b9e1876-ed03-4c2c-846e-6423293f622e","REBANADORES","wix:image://v1/9c9dca_77ab8b0be2024d3180c87e08b180ef04~mv2.jpg/file.jpg#originWidth=2104&originHeight=2105","/collections/","/collections/REBANADORES"
"61fe76c0-99da-45b9-998a-d6788a37630e","RELLENO Y JALEA","wix:image://v1/9c9dca_60a7b55b9ff04c8f9c1a54d506009245~mv2.jpg/file.jpg#originWidth=350&originHeight=233","/collections/","/collections/RELLENO-Y-JALEA"
"f7f09411-ded9-469f-8beb-198eb2a9cd40","RENDAS","wix:image://v1/9c9dca_5389b80518aa4ffa83da74ae729e4eec~mv2.jpg/file.jpg#originWidth=736&originHeight=724","/collections/","/collections/RENDAS"
"98669480-a351-4856-a0e9-fea69e519604","RODILLOS","wix:image://v1/6138ec_49459d8261d54d98812707e6500406fc~mv2.jpeg/file.jpg#originWidth=1000&originHeight=1000","/collections/","/collections/RODILLOS"
"d10dbbc3-4d46-4969-b9b9-ecc3b7a589bf","SELLOS","wix:image://v1/614034_103e8f4ab0ae4536a38b319d3eb437ed~mv2.png/missing-media.png#originWidth=500&originHeight=500","/collections/","/collections/SELLOS"
"903724fa-90c1-47dd-83a1-7295f0a0ba03","STENCIL","wix:image://v1/9c9dca_9f45681c4da14c338e9cb896d5e30f50~mv2.jpg/file.jpg#originWidth=799&originHeight=801","/collections/","/collections/STENCIL"
"0b92fd89-f9cb-48c0-a277-f8a06d40d757","TAPETES","wix:image://v1/6138ec_d08a4930d9f94f68865ec9d6869b8404~mv2.jpeg/file.jpg#originWidth=400&originHeight=400","/collections/","/collections/TAPETES"
"3b30679b-00eb-4473-8071-a769893fcffb","TARRINAS","wix:image://v1/9c9dca_76c6b45d5c504e9aa41adce77aee9305~mv2.jpg/file.jpg#originWidth=400&originHeight=400","/collections/","/collections/TARRINAS"
"3636eab7-e381-45a0-b111-9f6f7ec46ceb","TARTALETA","wix:image://v1/6138ec_019594cb8ecf4546b9904094c26bc8ca~mv2.png/file.png#originWidth=900&originHeight=498","/collections/","/collections/TARTALETA"
"42cdcddc-6e1d-408b-a7d4-879ce2dcebb9","TERMOMETROS","wix:image://v1/9c9dca_5a42edc6747e48bcb10ec90d1bbea7f1~mv2.jpg/file.jpg#originWidth=340&originHeight=340","/collections/","/collections/TERMOMETROS"
"9d51b787-e07d-49a2-922e-54b808799620","TEXTURIZADORES","wix:image://v1/9c9dca_078724c0c70449cb99716269cb333006~mv2.jpg/file.jpg#originWidth=568&originHeight=249","/collections/","/collections/TEXTURIZADORES"
"08f0c1d9-ad03-4d9f-ba29-2c30c5d58651","TINTAS PARA IMPRESORA","wix:image://v1/nsplsh_325730415a566c566d3355~mv2_d_5184_3456_s_4_2.jpg/file.jpg#originWidth=5184&originHeight=3456","/collections/","/collections/TINTAS-PARA-IMPRESORA"
"cd38491e-488e-4208-97dc-923472e909f8","TOPPERS","wix:image://v1/nsplsh_637663726e30354b686b6b~mv2_d_5662_3765_s_4_2.jpg/file.jpg#originWidth=5662&originHeight=3765","/collections/","/collections/TOPPERS"
"65c4abe1-e0ea-4d3f-bedb-235408142cff","TORTAS FALSAS","wix:image://v1/6138ec_5fde4a70447c40508ee9ce620d9bd2b3~mv2.jpg/file.jpg#originWidth=527&originHeight=527","/collections/","/collections/TORTAS-FALSAS"
"437dcb04-a6ab-47ee-8d65-3c07c5d3a98e","TRANSFER DE GELATINA","wix:image://v1/9c9dca_7170dea579ed48ff912af1513cc57521~mv2.jpg/file.jpg#originWidth=259&originHeight=175","/collections/","/collections/TRANSFER-DE-GELATINA"
